energy_predicciones,energy_wind_comp,diferencia_energia,clase
635.1376784619998,613.27,21.867678461999844,baja
14.4148919704553,174.11,159.6951080295447,baja
955.4223777235466,37.01,918.4123777235466,baja
556.0351263283994,730.92,174.88487367160053,baja
486.6164949855684,626.45,139.83350501443164,baja
630.1040683739712,156.46,473.6440683739712,baja
1383.1226314481223,703.37,679.7526314481223,baja
1708.7814431724444,1245.39,463.39144317244427,alta
1729.230731530846,1275.62,453.6107315308461,alta
1504.2586273655902,282.13,1222.12862736559,baja
859.6217044006999,276.18,583.4417044006998,baja
62.061187397354274,464.04,401.97881260264575,baja
166.7198350513538,249.06,82.34016494864619,baja
729.0622568805709,1123.06,393.99774311942906,baja
849.1511780746827,1438.45,589.2988219253174,alta
1225.1804782665288,1113.83,111.35047826652885,baja
909.1059861407508,990.33,81.22401385924923,baja
522.1552741340139,913.51,391.3547258659861,baja
286.21520753383084,35.53,250.68520753383083,baja
126.1407598606753,0.07,126.07075986067531,baja
16.715357105183557,87.84,71.12464289481645,baja
158.78529725641283,147.86,10.925297256412819,baja
293.5610880538809,35.08,258.4810880538809,baja
960.9916835032636,894.78,66.21168350326366,baja
926.045609899298,1231.93,305.88439010070203,alta
536.5632188285225,429.64,106.92321882852252,baja
173.13567679889286,192.99,19.85432320110715,baja
493.0571071391493,166.65,326.4071071391493,baja
103.71348388746446,97.4,6.313483887464457,baja
53.642484273049945,267.29,213.64751572695008,baja
0.5825022483113571,24.6,24.017497751688644,baja
413.9830124990117,516.51,102.5269875009883,baja
653.2389905639246,1476.04,822.8010094360753,alta
467.8066982523262,907.85,440.0433017476738,baja
135.92546110641615,651.83,515.9045388935839,baja
141.79857289737788,321.47,179.67142710262215,baja
351.15855089643526,57.34,293.8185508964352,baja
831.5504785220554,458.67,372.8804785220554,baja
1600.049956888624,1816.1,216.050043111376,alta
1760.571802621244,2193.78,433.20819737875627,alta
1949.2976036966395,2698.48,749.1823963033605,alta
1729.3528114530814,2286.28,556.9271885469188,alta
1578.983696848626,1847.09,268.1063031513738,alta
1639.5548162177984,1370.55,269.0048162177984,alta
667.2646546283354,564.57,102.69465462833534,baja
912.5228950180174,423.98,488.54289501801736,baja
462.4506600837879,1384.24,921.7893399162122,alta
1354.8733411631747,1793.25,438.3766588368253,alta
1159.4272867553864,1532.65,373.2227132446137,alta
324.624731014486,807.74,483.11526898551404,baja
547.367471150601,1158.56,611.192528849399,alta
784.6554635565612,521.93,262.7254635565613,baja
1435.5058338462718,1745.34,309.8341661537281,alta
1899.947643601488,2163.5,263.5523563985121,alta
1920.1349765578088,2052.89,132.75502344219103,alta
1790.7677246781482,2047.37,256.6022753218517,alta
1872.7515839413047,2612.78,740.0284160586955,alta
1372.7702478275298,754.52,618.2502478275298,baja
422.2871389906424,363.53,58.75713899064243,baja
587.2407505546449,737.54,150.29924944535503,baja
777.1091562292168,694.23,82.87915622921673,baja
675.7679540325623,137.43,538.3379540325623,baja
649.8670221544551,553.93,95.93702215445512,baja
782.6748043750026,318.02,464.65480437500264,baja
1062.8965723024514,946.42,116.47657230245147,baja
1150.9689099435095,1580.2,429.23109005649053,alta
1313.5190523453452,1594.05,280.5309476546547,alta
1425.3685710879713,1061.27,364.0985710879713,baja
848.1318335730894,553.72,294.4118335730893,baja
1372.7978015114743,431.67,941.1278015114742,baja
565.2088321209889,450.81,114.39883212098886,baja
644.7929885583351,470.66,174.13298855833506,baja
1108.4641394849905,613.05,495.4141394849905,baja
1029.0999111350052,674.03,355.0699111350052,baja
1099.4855521477157,783.25,316.2355521477157,baja
766.2538616942753,988.47,222.2161383057247,baja
11.227462306513644,110.7,99.47253769348636,baja
342.5069837793102,0.05,342.4569837793102,baja
383.7066066175771,58.72,324.9866066175771,baja
195.50290604537463,8.08,187.42290604537462,baja
265.3733631486017,677.8,412.42663685139826,baja
145.68155813575618,221.63,75.94844186424382,baja
315.91866614804724,327.7,11.781333851952752,baja
648.5748054749166,272.75,375.8248054749166,baja
517.108677981496,334.97,182.13867798149602,baja
769.8240664261166,511.05,258.7740664261166,baja
511.97426987157513,459.42,52.554269871575116,baja
208.23430520294028,54.48,153.7543052029403,baja
219.38966167546664,26.89,192.49966167546665,baja
798.8754629497726,340.43,458.44546294977255,baja
1614.9355169982025,2047.69,432.75448300179755,alta
1656.278174224245,2530.68,874.4018257757548,alta
1448.0455217227718,2282.03,833.9844782772284,alta
1337.8950681899785,1646.52,308.6249318100215,alta
1102.7706657906422,1696.97,594.1993342093579,alta
1257.5222876662372,2244.38,986.857712333763,alta
1483.61912098905,2080.41,596.7908790109498,alta
1037.5952888964157,323.11,714.4852888964157,baja
285.8171969875216,365.27,79.4528030124784,baja
89.27472462831224,29.32,59.95472462831224,baja
26.71065810216271,0.01,26.70065810216271,baja
18.59711422376472,179.41,160.81288577623528,baja
418.0397032321205,281.76,136.27970323212048,baja
1071.23797869862,2097.04,1025.80202130138,alta
550.3866869331192,922.26,371.87331306688077,baja
285.3307301674024,324.74,39.4092698325976,baja
241.38546236342015,602.45,361.06453763657987,baja
994.0886266437254,1310.11,316.02137335627447,alta
630.485655985484,622.65,7.835655985483982,baja
255.68233325569145,495.95,240.26766674430854,baja
297.62325357785494,724.2,426.5767464221451,baja
208.3260089799521,1091.18,882.8539910200479,baja
258.507923550904,614.29,355.78207644909594,baja
126.90565362955748,108.05,18.85565362955748,baja
113.25205462960162,277.49,164.2379453703984,baja
130.3122219724553,167.95,37.6377780275447,baja
149.7951863587175,212.84,63.0448136412825,baja
137.46630380329043,118.62,18.846303803290425,baja
221.11262564670528,178.84,42.27262564670528,baja
239.951960642436,757.92,517.968039357564,baja
195.60657973115892,127.16,68.44657973115892,baja
90.36412623520528,111.68,21.31587376479473,baja
401.8049960997032,297.8,104.00499609970319,baja
809.671495173737,584.29,225.381495173737,baja
1881.2672337986744,1788.92,92.34723379867432,alta
1942.4169420638991,1990.41,47.99305793610097,alta
1950.730288134897,1895.64,55.09028813489681,alta
2057.8804510560976,1762.04,295.84045105609766,alta
2110.4305511034745,2430.83,320.3994488965254,alta
2111.600553000161,2085.48,26.12055300016118,alta
2078.2089774020883,1588.02,490.1889774020883,alta
1476.6606888736976,751.25,725.4106888736976,baja
1095.076042518569,869.55,225.52604251856906,baja
175.65370538510615,102.04,73.61370538510614,baja
755.6451127387052,138.91,616.7351127387052,baja
452.9304088975152,753.16,300.2295911024848,baja
409.8667404746611,474.1,64.2332595253389,baja
563.0696018452966,200.84,362.22960184529654,baja
193.33523792293136,319.08,125.74476207706863,baja
286.43756579779165,79.46,206.97756579779167,baja
59.29030666796314,25.95,33.340306667963134,baja
69.04018558077814,81.14,12.099814419221858,baja
64.49591477890885,83.71,19.21408522109114,baja
317.79136964899226,185.31,132.48136964899226,baja
666.1362542016087,850.72,184.5837457983913,baja
902.3064690901095,1526.82,624.5135309098904,alta
976.2033188523106,766.29,209.91331885231068,baja
886.1952457884369,412.98,473.21524578843685,baja
1360.2134535885234,740.79,619.4234535885234,baja
752.0706403292717,906.14,154.06935967072832,baja
1280.934934362129,800.87,480.06493436212907,baja
962.8569965685608,1880.27,917.4130034314392,alta
1190.5997425895284,2297.19,1106.5902574104716,alta
1445.6809000311523,2379.96,934.2790999688477,alta
1254.0121517844436,2072.16,818.1478482155562,alta
945.2660651125872,1403.53,458.2639348874128,alta
1601.398187438775,1717.02,115.62181256122494,alta
1284.4896659370377,1957.9,673.4103340629624,alta
883.8444523014123,2003.9,1120.0555476985878,alta
567.0783559738023,932.47,365.3916440261977,baja
1303.481361504225,2343.5,1040.018638495775,alta
1368.69534860849,1715.89,347.1946513915102,alta
1178.883749933795,1404.56,225.67625006620506,alta
1360.303312918327,2445.5,1085.196687081673,alta
1746.254601413606,2105.31,359.05539858639395,alta
1451.8793068417444,1765.55,313.6706931582555,alta
1132.0095218016452,2378.29,1246.2804781983548,alta
980.8768531298538,1524.53,543.6531468701462,alta
1203.984943250467,832.5,371.48494325046704,baja
778.544484212097,306.53,472.01448421209705,baja
614.8748965286718,105.04,509.8348965286718,baja
472.9675952786772,179.42,293.54759527867725,baja
361.4929683869385,192.95,168.54296838693853,baja
823.6570924835578,944.89,121.2329075164422,baja
733.0445250350704,731.62,1.42452503507036,baja
407.6801426261375,645.57,237.88985737386253,baja
211.07558321589784,429.68,218.60441678410217,baja
111.64019998448612,0.04,111.60019998448611,baja
206.51431882813813,60.03,146.48431882813813,baja
194.99296180200247,279.24,84.24703819799754,baja
440.80709758351406,450.52,9.712902416485917,baja
427.6865075666975,591.2,163.51349243330253,baja
481.362939123246,527.99,46.627060876754,baja
706.1418138391792,808.3,102.15818616082072,baja
1558.3963324741587,1162.86,395.5363324741588,alta
540.1236825512706,74.14,465.9836825512706,baja
1047.690701692845,1617.52,569.8292983071549,alta
1165.4867367471886,1863.16,697.6732632528115,alta
1288.8506363404697,2389.07,1100.2193636595305,alta
1539.679070116266,1780.19,240.51092988373398,alta
1529.7508746883996,2325.45,795.6991253116003,alta
1202.6417360571484,1079.61,123.03173605714846,baja
1600.280279287177,2027.84,427.5597207128228,alta
2133.225368149513,2434.71,301.48463185048695,alta
1847.99183974554,2004.73,156.73816025446013,alta
1759.088127155203,2274.93,515.8418728447969,alta
1750.3768562740452,2206.98,456.60314372595485,alta
1636.0325311928775,1011.55,624.4825311928776,baja
2361.349205587702,2555.79,194.44079441229815,alta
2424.7427095330386,2376.54,48.202709533038615,alta
2168.6683035476217,2347.16,178.49169645237816,alta
1576.0970805618904,2196.23,620.1329194381096,alta
1879.93496578236,1857.09,22.844965782360077,alta
2264.033219573993,2087.84,176.1932195739928,alta
2080.403124302473,2498.58,418.17687569752707,alta
2173.232480440526,2326.73,153.49751955947386,alta
1812.0723087077945,2102.38,290.3076912922056,alta
1197.1489637876828,560.03,637.1189637876828,baja
1894.524855130253,1191.66,702.8648551302529,alta
1580.2998805011423,1147.76,432.5398805011423,alta
1054.3790730772023,668.89,385.4890730772023,baja
437.2571084913543,166.49,270.7671084913543,baja
1021.4171901495472,491.04,530.3771901495472,baja
1575.2228034254797,1048.09,527.1328034254798,baja
1834.1510528106244,2128.45,294.29894718937544,alta
993.0340661591332,501.22,491.8140661591332,baja
786.0110322656546,9.65,776.3610322656547,baja
563.1882212063623,988.11,424.9217787936377,baja
352.7521023138263,823.67,470.91789768617366,baja
1268.486194210307,924.87,343.61619421030707,baja
2016.3334665565585,1923.89,92.4434665565584,alta
853.6077666665324,1197.19,343.5822333334677,alta
156.25478700522467,195.55,39.29521299477534,baja
1108.6845349663188,1226.75,118.06546503368122,alta
878.4081477736255,899.69,21.281852226374554,baja
210.67207671520123,541.23,330.5579232847988,baja
331.1858762942394,864.1,532.9141237057606,baja
75.31677210055204,32.1,43.21677210055204,baja
-6.224574228850884,0.08,6.304574228850884,baja
227.57262116884647,746.35,518.7773788311536,baja
865.0528311586683,1372.43,507.3771688413318,alta
1654.113225686389,2582.2,928.0867743136109,alta
1733.466725419146,2280.95,547.4832745808537,alta
1934.2815116635925,2412.4,478.1184883364076,alta
1654.4819009912164,2150.19,495.7080990087836,alta
1579.9510169255366,908.69,671.2610169255365,baja
1282.5096242697166,1685.9,403.3903757302835,alta
938.4104391669316,310.29,628.1204391669316,baja
580.606488383771,353.34,227.266488383771,baja
479.0077087781255,266.11,212.8977087781255,baja
963.8372826854512,1714.7,750.8627173145488,alta
1384.119679342385,1646.25,262.1303206576149,alta
1444.7671950436504,2639.17,1194.4028049563497,alta
1008.046180105225,1100.95,92.9038198947751,baja
1513.682040078646,2180.95,667.2679599213538,alta
1488.5365809913585,1983.87,495.3334190086414,alta
1315.6002598162042,1572.67,257.06974018379583,alta
1163.9035943168217,1768.58,604.6764056831782,alta
1165.884630015485,1808.07,642.1853699845149,alta
1346.3404895104209,1681.24,334.89951048957914,alta
1230.2446669242654,1060.68,169.56466692426534,baja
943.7567577369226,706.62,237.13675773692262,baja
1511.2676865354315,1800.48,289.2123134645685,alta
1070.3103554984375,1157.82,87.50964450156243,alta
889.5468747688547,850.16,39.38687476885468,baja
721.4316970470578,842.32,120.88830295294224,baja
1489.1194404716814,2312.68,823.5605595283184,alta
935.4464608920646,1818.28,882.8335391079354,alta
554.4914148886044,554.49,0.0014148886043585662,baja
458.944909300395,483.76,24.81509069960498,baja
1012.0513145536424,660.95,351.1013145536424,baja
716.7760568350964,272.74,444.03605683509636,baja
478.6043465924605,363.22,115.38434659246047,baja
195.8939083661733,180.3,15.593908366173281,baja
294.18215567068034,225.97,68.21215567068035,baja
355.4928258606228,847.56,492.06717413937713,baja
653.0990285527595,514.41,138.6890285527595,baja
862.151437664898,864.01,1.858562335101965,baja
906.9048073962928,1659.61,752.7051926037071,alta
758.0917664532174,305.65,452.4417664532174,baja
569.168406230508,377.33,191.83840623050804,baja
474.3332881626464,503.6,29.266711837353625,baja
246.0810183844743,6.75,239.3310183844743,baja
308.1381040699057,1405.1,1096.9618959300942,alta
44.79824457407119,47.24,2.441755425928811,baja
139.9186829358746,14.04,125.87868293587462,baja
234.22105327581824,532.38,298.15894672418176,baja
56.11875468493906,897.17,841.0512453150609,baja
362.1032037985615,81.02,281.0832037985615,baja
544.1312262250079,547.22,3.0887737749920916,baja
928.286654727131,468.19,460.096654727131,baja
1537.551089156018,1470.23,67.32108915601793,alta
1719.807489031478,1737.42,17.612510968521974,alta
1345.9087191402114,1164.75,181.15871914021136,alta
1627.644007181667,1871.17,243.52599281833318,alta
1701.1600296421634,1337.88,363.2800296421633,alta
1550.6916893610598,1380.65,170.04168936105975,alta
1552.6645229398057,1683.45,130.78547706019435,alta
1361.336764257802,1221.21,140.12676425780205,alta
1551.72116625712,1970.13,418.40883374288,alta
120.45640375225857,248.37,127.91359624774144,baja
281.4590897895405,29.47,251.9890897895405,baja
317.1274870187096,0.01,317.1174870187096,baja
146.03413573913883,0.01,146.02413573913884,baja
290.3447065021586,134.97,155.3747065021586,baja
384.1602874257952,584.2,200.03971257420483,baja
300.24396533264087,4.27,295.9739653326409,baja
516.219642787795,261.76,254.45964278779502,baja
1091.895958768609,1451.87,359.97404123139086,alta
1429.006192878277,545.84,883.166192878277,baja
968.8795544466371,533.38,435.49955444663715,baja
927.5081865646451,1281.86,354.35181343535476,alta
1811.2051119672576,843.15,968.0551119672576,baja
2144.890409624776,2087.13,57.760409624776,alta
1670.7038251904592,1571.85,98.85382519045925,alta
1868.486057906796,2001.26,132.7739420932039,alta
2189.451709010458,2273.59,84.13829098954193,alta
2240.935352284818,1896.8,344.1353522848178,alta
2268.8266328114632,2284.18,15.353367188536595,alta
2009.1808614475972,2229.97,220.78913855240262,alta
1225.2034414500451,1251.4,26.196558549954943,alta
1371.2563180302398,1529.21,157.95368196976028,alta
961.263658012263,1085.48,124.216341987737,baja
454.9882326350664,20.87,434.1182326350664,baja
306.6290740382485,144.3,162.3290740382485,baja
522.574562856403,3.18,519.394562856403,baja
372.93055466431633,75.16,297.77055466431636,baja
1105.5424092592211,749.28,356.26240925922116,baja
1291.6855762298565,985.12,306.56557622985645,baja
2397.8925176510397,2167.98,229.9125176510397,alta
2434.1470610504257,2181.08,253.06706105042576,alta
2203.279159194756,2139.17,64.1091591947561,alta
1656.7480386323982,1863.79,207.04196136760174,alta
1934.262141182807,2424.48,490.217858817193,alta
1881.133439227998,1734.89,146.2434392279979,alta
1122.1380280788128,1655.77,533.6319719211872,alta
1694.8274675419448,2095.44,400.6125324580553,alta
1691.5878859348318,2446.05,754.4621140651684,alta
840.2539473388783,214.8,625.4539473388784,baja
194.88293768954964,111.79,83.09293768954963,baja
369.9207793530159,362.46,7.460779353015937,baja
1147.9348669588016,708.83,439.1048669588016,baja
1164.521927094827,506.57,657.9519270948272,baja
1618.8552300869114,2211.8,592.9447699130887,alta
1971.65877209669,2248.48,276.82122790331005,alta
1880.3965456783849,1500.85,379.546545678385,alta
1891.4280738038765,1536.8,354.62807380387653,alta
1912.0294538189955,2207.49,295.46054618100425,alta
1615.365943682863,2578.91,963.5440563171369,alta
1608.4113708128607,1867.74,259.3286291871393,alta
1011.1740603090662,850.7,160.4740603090662,baja
105.62540462549362,228.45,122.82459537450637,baja
209.3991319740057,138.09,71.30913197400571,baja
198.96677424545575,66.5,132.46677424545575,baja
60.01352300657959,0.27,59.743523006579586,baja
114.74479518764076,449.15,334.4052048123592,baja
-129.29993158010143,295.43,424.72993158010144,baja
-1.9133493947789475,202.54,204.45334939477894,baja
396.3680547508928,760.37,364.0019452491072,baja
736.5579230408891,1635.06,898.5020769591108,alta
236.3573517982072,663.27,426.91264820179276,baja
192.50125485450175,138.33,54.17125485450174,baja
457.5436748574151,53.41,404.13367485741514,baja
651.5319589033617,875.8,224.26804109663829,baja
1118.3189255919574,1688.71,570.3910744080426,alta
977.9786318040276,1214.65,236.6713681959725,alta
563.917459299756,501.78,62.137459299756074,baja
696.1978215609386,314.78,381.4178215609386,baja
840.0042801385921,806.8,33.20428013859214,baja
659.5329786658754,685.68,26.147021334124588,baja
179.58893590905018,269.25,89.66106409094982,baja
307.10113877611025,115.91,191.19113877611025,baja
685.2006173264042,1025.66,340.4593826735959,baja
567.4450174041701,1301.27,733.8249825958299,alta
-7.056849100125987,4.89,11.946849100125988,baja
167.62375677239106,930.48,762.856243227609,baja
604.5110287306164,345.44,259.07102873061643,baja
551.4254313792433,1076.48,525.0545686207568,baja
409.20983859384944,1710.72,1301.5101614061505,alta
841.6833033679889,1467.15,625.4666966320112,alta
1406.0374851825104,2137.14,731.1025148174895,alta
1359.138067307494,2365.4,1006.261932692506,alta
2083.3392400090293,2384.47,301.13075999097055,alta
1950.238072184932,2475.87,525.6319278150679,alta
1806.273856742581,2445.42,639.146143257419,alta
1113.8383046925717,1837.58,723.7416953074282,alta
2072.809828415191,2380.98,308.17017158480894,alta
1697.377225341019,2247.65,550.272774658981,alta
1280.4490050905988,2548.1,1267.650994909401,alta
1130.966269273115,1453.16,322.1937307268852,alta
1295.872869405013,2130.44,834.567130594987,alta
769.6046363960356,1111.42,341.81536360396444,baja
982.5786893503248,1677.26,694.6813106496752,alta
1008.6629597921262,1195.17,186.50704020787384,alta
1082.8276736463638,1540.24,457.4123263536362,alta
717.239376180981,253.05,464.189376180981,baja
642.5301937395035,316.33,326.2001937395035,baja
706.9150652976646,506.82,200.09506529766458,baja
832.2148496794142,903.41,71.19515032058575,baja
750.5964844444102,521.94,228.65648444441013,baja
368.21307892444,934.52,566.30692107556,baja
152.60949419593987,0.02,152.58949419593986,baja
11.913639739104724,485.64,473.72636026089526,baja
25.47884822337608,104.73,79.25115177662393,baja
58.97450062783696,29.23,29.74450062783696,baja
7.808505019917675,0.06,7.748505019917675,baja
-13.915909711414542,91.3,105.21590971141454,baja
-33.75747038424947,257.77,291.52747038424945,baja
-85.64416619666622,393.31,478.9541661966662,baja
96.92518342572362,280.56,183.63481657427639,baja
182.30390683184737,203.24,20.936093168152638,baja
40.33895478631791,0.02,40.31895478631791,baja
212.0504191527814,302.56,90.50958084721861,baja
79.38774340318298,0.03,79.35774340318298,baja
157.58953830198436,0.17,157.41953830198437,baja
71.37820891769377,0.08,71.29820891769377,baja
154.66985457058422,83.34,71.32985457058422,baja
164.49018242002512,111.15,53.340182420025116,baja
731.3625237110095,432.72,298.6425237110095,baja
536.0980287118892,948.22,412.1219712881108,baja
101.94130823124624,0.75,101.19130823124624,baja
403.9413710593431,316.98,86.9613710593431,baja
61.90354195390512,115.98,54.076458046094885,baja
437.00462594876376,155.95,281.05462594876377,baja
290.13900625347594,135.6,154.53900625347595,baja
136.61000434219227,0.04,136.57000434219228,baja
139.44206178456488,114.29,25.15206178456488,baja
176.2569806099832,47.82,128.4369806099832,baja
98.38650914781056,279.46,181.07349085218942,baja
301.2207641872859,4.36,296.8607641872859,baja
264.5660473550379,531.66,267.0939526449621,baja
12.42988062166853,200.03,187.60011937833147,baja
131.0083473136524,24.27,106.7383473136524,baja
70.86250795184435,7.07,63.79250795184435,baja
369.2036806101133,99.21,269.9936806101133,baja
387.8189635967256,771.23,383.4110364032744,baja
324.7209682656337,269.91,54.810968265633676,baja
333.4836688688215,578.21,244.72633113117854,baja
604.8791646632503,835.44,230.56083533674973,baja
617.4011531928495,810.25,192.8488468071505,baja
559.6600162929103,759.32,199.65998370708974,baja
891.2052323946737,587.08,304.1252323946736,baja
1464.83883375424,1715.11,250.2711662457598,alta
1154.4933925125824,945.79,208.70339251258247,baja
780.5572155787686,380.88,399.6772155787686,baja
560.7452222778355,286.59,274.15522227783555,baja
1253.919700566391,1201.37,52.54970056639104,alta
1292.4421657205971,909.15,383.29216572059715,baja
547.3273984141812,991.97,444.64260158581885,baja
171.01407816434482,608.52,437.50592183565516,baja
171.5023038980645,56.96,114.54230389806449,baja
28.740654404491693,267.82,239.0793455955083,baja
264.14688768168867,144.51,119.63688768168868,baja
612.2550363230885,930.76,318.50496367691153,baja
390.5950065908416,891.2,500.60499340915845,baja
927.5415647161984,1832.33,904.7884352838015,alta
656.6826335632927,1921.8,1265.1173664367072,alta
481.75417539862497,1693.04,1211.285824601375,alta
284.39838841835035,2030.26,1745.8616115816496,alta
411.6747011396585,1359.22,947.5452988603415,alta
208.32854349275647,398.73,190.40145650724355,baja
168.3454468174333,165.05,3.2954468174332874,baja
227.29788568911735,0.01,227.28788568911736,baja
322.83371581223525,0.19,322.64371581223526,baja
90.70996699892044,124.29,33.58003300107957,baja
550.7779755928298,624.42,73.6420244071702,baja
484.4031039357628,292.24,192.16310393576276,baja
288.54743139999164,293.18,4.632568600008369,baja
198.99052163036345,61.14,137.85052163036346,baja
68.16994398200313,50.91,17.259943982003136,baja
321.8099125857884,425.6,103.7900874142116,baja
1144.5406305995707,1414.18,269.63936940042936,alta
681.3295818182697,1445.1,763.7704181817302,alta
221.27393900746935,580.16,358.8860609925306,baja
84.59571551642375,90.88,6.2842844835762435,baja
73.56727812339363,195.81,122.24272187660637,baja
65.4499147056315,62.35,3.099914705631498,baja
18.840408694922644,1.97,16.870408694922645,baja
162.495685722605,178.26,15.764314277394988,baja
397.7923764959842,108.28,289.5123764959842,baja
546.2247635698468,542.5,3.7247635698468002,baja
122.61032978851154,55.66,66.95032978851154,baja
208.5599690074605,0.01,208.5499690074605,baja
652.6309670195806,386.2,266.4309670195806,baja
413.89582353319327,623.45,209.55417646680678,baja
346.7254161692265,0.67,346.0554161692265,baja
761.9746217769969,737.69,24.2846217769968,baja
793.1418375217689,593.11,200.03183752176892,baja
554.2348662940542,495.92,58.314866294054184,baja
944.3621560106368,1933.76,989.3978439893632,alta
1021.6863383658658,993.43,28.256338365865872,baja
465.1408744532969,159.94,305.2008744532969,baja
987.8043257427656,691.66,296.14432574276566,baja
878.5798128183142,653.13,225.44981281831417,baja
61.10987846717103,0.07,61.03987846717103,baja
73.40095030603175,193.92,120.51904969396824,baja
539.8244175959244,506.01,33.8144175959244,baja
608.8966656812277,107.58,501.3166656812277,baja
225.1280487871121,0.08,225.0480487871121,baja
234.85081042041543,284.36,49.509189579584586,baja
300.88165963759855,113.69,187.19165963759855,baja
391.9712391608852,648.94,256.96876083911485,baja
311.08042192295113,235.2,75.88042192295114,baja
389.7386400845186,204.11,185.62864008451857,baja
369.8518791232659,284.59,85.26187912326594,baja
499.3720287571413,1172.22,672.8479712428586,alta
945.8926179211026,1100.03,154.13738207889742,baja
652.8831362328283,1436.61,783.7268637671716,alta
835.9387354539058,410.21,425.7287354539058,baja
581.3766118285762,148.0,433.3766118285762,baja
536.6088967704793,14.48,522.1288967704793,baja
124.47229956657804,48.61,75.86229956657805,baja
94.95506549607762,214.2,119.24493450392237,baja
216.8705022125555,220.48,3.6094977874444965,baja
747.7150692661173,468.71,279.00506926611735,baja
859.1223531825071,488.8,370.32235318250713,baja
987.5323690415876,436.08,551.4523690415876,baja
496.4833348489032,10.51,485.9733348489032,baja
315.48042635457773,279.74,35.74042635457772,baja
365.24887102096,318.46,46.788871020960016,baja
75.09393936268805,6.21,68.88393936268805,baja
166.30732199732302,105.18,61.12732199732301,baja
42.08237677460159,0.03,42.05237677460159,baja
98.65922386978536,100.21,1.5507761302146292,baja
161.4847975082307,54.29,107.19479750823072,baja
345.66382897728533,326.53,19.13382897728536,baja
439.6063236506448,279.72,159.88632365064478,baja
500.4594311591474,111.59,388.86943115914744,baja
306.94949267902507,86.7,220.24949267902508,baja
505.5468781093158,495.74,9.80687810931579,baja
470.9045219724253,3.33,467.5745219724253,baja
3.0792973074129577,12.71,9.630702692587043,baja
165.69887180000012,136.59,29.108871800000117,baja
91.52095178007994,58.02,33.50095178007994,baja
79.64565778742417,0.07,79.57565778742418,baja
62.287448930839446,5.25,57.037448930839446,baja
494.18213009438057,832.35,338.16786990561945,baja
473.70832399702726,924.34,450.63167600297277,baja
573.2880846468272,1172.9,599.6119153531729,alta
946.4400678848704,1805.62,859.1799321151295,alta
637.5497618175029,909.99,272.44023818249707,baja
737.2622325850709,667.77,69.49223258507095,baja
786.9216146028582,1111.66,324.7383853971419,baja
560.5118329965377,999.93,439.41816700346226,baja
594.1360636878396,959.03,364.89393631216035,baja
222.0823360220336,539.18,317.09766397796636,baja
101.6747393691029,50.96,50.714739369102894,baja
182.3891027101355,290.43,108.04089728986452,baja
411.7360762189238,182.24,229.4960762189238,baja
212.7550346830742,31.69,181.0650346830742,baja
235.3524573009081,90.57,144.7824573009081,baja
292.8051187030037,114.64,178.1651187030037,baja
205.24265557924676,179.16,26.08265557924676,baja
177.3804947337144,33.17,144.21049473371437,baja
233.58446641007924,112.29,121.29446641007924,baja
489.661402534698,156.12,333.541402534698,baja
539.3054563177784,435.14,104.16545631777842,baja
355.1668136723528,25.49,329.6768136723528,baja
295.8613224234142,338.78,42.918677576585765,baja
742.5163485133985,592.04,150.47634851339853,baja
698.8623267031369,412.2,286.6623267031369,baja
388.7227607010385,304.83,83.89276070103853,baja
321.14448529053163,394.47,73.3255147094684,baja
776.3594749020592,177.46,598.8994749020592,baja
526.1746472526838,192.56,333.6146472526838,baja
350.530231001899,25.31,325.220231001899,baja
368.9202993603518,136.43,232.4902993603518,baja
485.4760827437826,530.02,44.543917256217355,baja
378.74386638092255,167.49,211.25386638092255,baja
424.9109476732988,297.43,127.48094767329877,baja
533.1685834614489,259.49,273.67858346144885,baja
572.6857241141913,112.0,460.6857241141913,baja
389.52193088017566,559.93,170.4080691198243,baja
250.4185400472702,236.1,14.318540047270204,baja
169.46726535608718,10.32,159.1472653560872,baja
90.62277537050544,239.89,149.26722462949454,baja
231.754954947339,151.08,80.67495494733899,baja
304.2702214402823,352.58,48.3097785597177,baja
766.8592553709602,518.76,248.09925537096024,baja
751.3673915655926,1995.32,1243.9526084344075,alta
1049.7950776725097,1291.78,241.98492232749027,alta
1055.913332910691,907.03,148.88333291069102,baja
152.07118108507302,25.42,126.65118108507302,baja
150.62629032187235,25.77,124.85629032187235,baja
537.7195792324594,246.9,290.81957923245943,baja
489.8136837322953,1144.24,654.4263162677047,alta
4.758166423215243,100.09,95.33183357678476,baja
370.7744197018986,248.5,122.27441970189858,baja
452.6456660557254,467.45,14.80433394427456,baja
567.927626322464,545.71,22.217626322463957,baja
101.91157660234887,0.67,101.24157660234887,baja
26.237460567198355,118.26,92.02253943280165,baja
267.0922108010682,955.42,688.3277891989318,baja
344.9555406697564,569.36,224.40445933024364,baja
-28.3586047196568,0.03,28.3886047196568,baja
-7.448429265795539,23.83,31.278429265795538,baja
70.0464697079351,0.02,70.0264697079351,baja
161.77938542091044,536.83,375.0506145790896,baja
249.44572302404936,471.35,221.90427697595067,baja
265.98452653352604,0.09,265.89452653352606,baja
351.4733084733299,205.12,146.3533084733299,baja
299.262238208447,685.97,386.707761791553,baja
465.4657293207285,647.26,181.7942706792715,baja
144.18223851667676,129.85,14.332238516676767,baja
85.99065621263924,45.3,40.69065621263924,baja
425.9753030770264,566.76,140.78469692297358,baja
359.8204940230355,4.88,354.9404940230355,baja
40.01872354313082,0.1,39.91872354313082,baja
343.1007919738122,429.6,86.49920802618783,baja
339.9333418369322,253.79,86.1433418369322,baja
25.16209834321296,119.31,94.14790165678704,baja
555.4242883530242,295.72,259.70428835302414,baja
771.8953396401189,287.71,484.1853396401189,baja
675.0364354902927,275.16,399.87643549029264,baja
240.3246792666088,302.92,62.59532073339122,baja
233.0315138788768,350.45,117.41848612112318,baja
388.20881318518127,524.05,135.84118681481868,baja
809.9096966633539,429.82,380.0896966633539,baja
530.0753336826641,377.9,152.17533368266413,baja
524.4088112443598,1031.62,507.21118875564014,baja
371.8477093800483,0.02,371.8277093800483,baja
373.4466432313187,1.67,371.7766432313187,baja
320.72120575211966,312.2,8.52120575211967,baja
520.1186392468595,425.06,95.05863924685951,baja
572.1321562533332,475.76,96.37215625333317,baja
629.365575059577,404.19,225.17557505957706,baja
761.947886713181,1029.92,267.9721132868191,baja
1033.0947667116784,1181.21,148.11523328832163,alta
943.896316525697,1387.09,443.19368347430293,alta
816.9756492038109,779.06,37.91564920381097,baja
668.6799816870232,907.92,239.24001831297676,baja
666.0421791170227,422.29,243.75217911702265,baja
579.1572583573527,582.83,3.6727416426473383,baja
89.45192709458593,0.06,89.39192709458592,baja
210.00152527930152,239.02,29.018474720698492,baja
-19.325382431570915,804.98,824.3053824315709,baja
335.0526901609169,196.43,138.62269016091687,baja
54.01755317650043,1.19,52.82755317650043,baja
194.4335529131571,59.18,135.25355291315708,baja
46.969976336187415,18.1,28.869976336187413,baja
147.8393065212898,217.41,69.57069347871018,baja
250.81610979824225,238.65,12.166109798242246,baja
196.9842007431796,237.97,40.9857992568204,baja
233.1594150530888,399.72,166.56058494691123,baja
543.4268548575491,349.35,194.07685485754905,baja
899.5867958003148,320.21,579.3767958003148,baja
771.369484981867,712.21,59.15948498186697,baja
296.4308836608544,0.02,296.41088366085444,baja
350.6804314961553,199.83,150.85043149615527,baja
694.1741709734142,1164.93,470.75582902658584,alta
820.5267990231426,905.52,84.99320097685734,baja
1175.6273784112032,997.18,178.4473784112032,baja
1299.9335486931568,961.3,338.63354869315685,baja
1624.7966852916984,1297.21,327.58668529169836,alta
873.9937609070391,841.79,32.20376090703917,baja
426.26187063286807,217.4,208.86187063286806,baja
479.9406923116304,446.25,33.690692311630414,baja
600.7346503056474,732.83,132.09534969435265,baja
1065.1773077935989,1490.99,425.81269220640115,alta
768.6040240542314,869.13,100.52597594576855,baja
316.8991467289502,745.4,428.5008532710498,baja
260.6096554593637,0.92,259.6896554593637,baja
136.9932412133968,168.1,31.106758786603194,baja
72.72583179886385,7.04,65.68583179886384,baja
316.8182795486564,131.52,185.29827954865638,baja
441.2734103927593,265.0,176.27341039275927,baja
770.916191576284,805.45,34.533808423716096,baja
595.0786902013069,77.64,517.4386902013069,baja
660.5168235991371,948.11,287.59317640086294,baja
64.4301644268345,36.28,28.150164426834493,baja
309.3152837232109,0.01,309.3052837232109,baja
83.24820806413732,51.46,31.788208064137315,baja
172.1262078833979,370.89,198.76379211660208,baja
442.6923661245335,114.17,328.5223661245335,baja
131.45105686470606,2.05,129.40105686470605,baja
110.47156133109024,2.38,108.09156133109025,baja
183.80793277648,58.2,125.60793277647998,baja
322.7361098702946,177.04,145.69610987029463,baja
27.832583258736577,39.97,12.137416741263422,baja
32.059669114750136,0.01,32.04966911475014,baja
121.78787408555011,32.34,89.44787408555011,baja
260.1932215976734,546.77,286.57677840232657,baja
414.1908359005629,132.93,281.2608359005629,baja
501.93696230554986,235.23,266.70696230554984,baja
554.2886506530458,254.16,300.12865065304584,baja
349.85594896667,878.85,528.99405103333,baja
656.8946517575744,447.23,209.66465175757435,baja
563.9292372244809,550.93,12.999237224480908,baja
216.47457047609453,1.43,215.04457047609452,baja
393.3450522974588,242.68,150.66505229745877,baja
381.6997605314007,525.15,143.45023946859925,baja
380.4398368859296,621.31,240.87016311407035,baja
383.91006468431215,611.91,227.99993531568782,baja
530.213031309399,691.35,161.13696869060107,baja
739.1851683289642,1296.79,557.6048316710358,alta
765.3166826415352,420.58,344.7366826415352,baja
498.5421129711024,501.35,2.8078870288975963,baja
540.1655441554815,136.24,403.9255441554815,baja
853.5852063844397,1022.24,168.65479361556027,baja
647.1802286524616,795.52,148.33977134753843,baja
270.1180734738573,163.92,106.1980734738573,baja
256.8760564768252,575.85,318.9739435231748,baja
632.9610906725813,1203.92,570.9589093274187,alta
654.1959794307916,1027.88,373.68402056920854,baja
244.9828496865372,79.57,165.41284968653721,baja
393.7985623982547,166.0,227.79856239825472,baja
656.15902449944,269.48,386.67902449943995,baja
751.2421454066865,842.76,91.51785459331347,baja
374.32511040950624,480.99,106.66488959049377,baja
537.4321631249725,604.9,67.4678368750275,baja
522.804547303469,442.41,80.39454730346898,baja
462.468789709108,583.66,121.19121029089195,baja
199.75601020535655,4.11,195.64601020535653,baja
248.2002310555347,139.18,109.02023105553468,baja
336.45182822517063,217.81,118.64182822517063,baja
298.6747697008983,22.91,275.7647697008983,baja
180.1509390800678,90.21,89.94093908006779,baja
242.37937121390848,768.18,525.8006287860915,baja
378.2520762001312,1031.01,652.7579237998688,baja
356.1844917426132,213.47,142.7144917426132,baja
78.45487999526983,162.83,84.37512000473018,baja
208.9609549781319,5.49,203.47095497813189,baja
123.30321131531036,0.13,123.17321131531037,baja
148.7146071763127,0.02,148.6946071763127,baja
308.1696361365101,158.22,149.94963613651012,baja
516.3462547863587,1.77,514.5762547863587,baja
525.190730842299,628.51,103.319269157701,baja
486.0329292032459,425.97,60.06292920324586,baja
169.45258189702793,102.88,66.57258189702793,baja
144.06607880120873,18.03,126.03607880120873,baja
310.5135741168656,271.13,39.38357411686559,baja
559.1537738067143,235.58,323.57377380671426,baja
323.5419922176218,453.25,129.70800778237822,baja
769.7057656881453,559.55,210.15576568814538,baja
583.427560128843,31.86,551.567560128843,baja
208.0268915946658,111.82,96.20689159466582,baja
310.5145376727164,195.31,115.20453767271641,baja
457.0327561429266,378.23,78.80275614292657,baja
431.8312459295662,0.02,431.8112459295662,baja
361.3263488236215,0.76,360.5663488236215,baja
568.5395437393591,331.92,236.61954373935913,baja
701.6216283464514,205.34,496.2816283464514,baja
774.7131122861524,819.83,45.11688771384763,baja
153.2826135851651,457.27,303.9873864148349,baja
334.78476430398325,381.53,46.74523569601672,baja
380.4127146509848,153.23,227.18271465098482,baja
491.5324707547345,156.23,335.3024707547345,baja
56.00327024218416,20.48,35.523270242184154,baja
540.4052019953407,213.44,326.9652019953407,baja
33.11398861974271,4.05,29.063988619742712,baja
112.5256738597618,175.51,62.984326140238196,baja
68.13571892862774,1.44,66.69571892862774,baja
202.3933568898559,228.39,25.996643110144078,baja
106.01005006574267,2.89,103.12005006574267,baja
377.1200502724636,214.91,162.21005027246358,baja
637.694033880565,716.37,78.67596611943497,baja
769.5050660875098,930.64,161.13493391249017,baja
873.4493512953532,689.14,184.30935129535317,baja
898.6001463990679,536.64,361.96014639906787,baja
944.0719046449296,1093.82,149.7480953550703,baja
884.9824810585119,438.31,446.6724810585119,baja
631.6000471999034,268.48,363.1200471999034,baja
576.7698271666461,650.39,73.62017283335388,baja
383.5512215606868,540.31,156.75877843931312,baja
357.10015144834256,382.68,25.57984855165745,baja
403.195816129622,272.84,130.35581612962204,baja
880.4598785277633,639.0,241.4598785277633,baja
715.5826199843848,1476.96,761.3773800156152,alta
1305.3230285110312,1789.96,484.6369714889688,alta
1263.1562911412843,322.06,941.0962911412844,baja
751.6716605012372,438.35,313.32166050123715,baja
454.79458655618816,125.56,329.23458655618816,baja
-29.29779252271578,41.51,70.80779252271577,baja
139.2711453577234,512.74,373.4688546422766,baja
547.083143976727,430.91,116.17314397672698,baja
94.04795092466736,352.06,258.01204907533264,baja
-20.77249456485106,0.01,20.78249456485106,baja
-73.40402788633423,0.6,74.00402788633423,baja
10.804799453476903,125.86,115.0552005465231,baja
107.1598323255364,0.02,107.1398323255364,baja
59.58519891944434,146.63,87.04480108055566,baja
319.6609375050174,21.41,298.25093750501736,baja
779.4599332028746,985.44,205.98006679712546,baja
1355.004095379205,939.09,415.9140953792049,baja
816.3149908391715,1600.76,784.4450091608285,alta
294.70174179730054,144.47,150.23174179730054,baja
68.80079347237938,0.39,68.41079347237938,baja
237.59282005765067,394.21,156.6171799423493,baja
403.96457031431805,686.02,282.05542968568193,baja
831.3706789138221,998.91,167.5393210861779,baja
666.6683774770485,772.6,105.93162252295156,baja
311.3085324967499,349.44,38.13146750325012,baja
241.0696449869525,156.31,84.75964498695251,baja
414.0539879766535,232.68,181.3739879766535,baja
1153.6001145325745,2094.17,940.5698854674256,alta
1476.51148353423,1715.21,238.69851646577013,alta
1479.1950077902034,2025.1,545.9049922097965,alta
1106.2806549145878,1551.34,445.05934508541213,alta
342.95567938110514,216.57,126.38567938110515,baja
87.16011026228409,0.09,87.07011026228409,baja
620.9622109952516,293.71,327.2522109952516,baja
594.2195645660976,193.66,400.5595645660976,baja
817.8644150900384,207.35,610.5144150900384,baja
968.5054254561064,1040.99,72.48457454389359,baja
959.8937950728242,1102.16,142.26620492717586,baja
347.8853898796641,152.36,195.5253898796641,baja
413.217906109464,108.69,304.527906109464,baja
816.6838000631602,1019.97,203.2861999368398,baja
879.8486090655174,1399.65,519.8013909344827,alta
433.2029195143749,382.4,50.802919514374935,baja
375.51177793222735,174.05,201.46177793222733,baja
702.6433086103959,1312.56,609.916691389604,alta
717.8115361200361,1500.74,782.9284638799639,alta
366.84816865421135,581.5,214.65183134578865,baja
230.14252728969848,207.89,22.25252728969849,baja
7.878491033623391,106.81,98.93150896637661,baja
96.57931740811966,108.97,12.390682591880335,baja
78.46067504235054,170.59,92.12932495764946,baja
73.25043699808805,49.51,23.74043699808805,baja
32.616257867276545,101.76,69.14374213272346,baja
60.37763631033658,40.27,20.107636310336574,baja
51.04140017163968,0.02,51.02140017163968,baja
65.11529406432862,115.49,50.37470593567137,baja
121.0128217625538,108.43,12.582821762553792,baja
241.08245571382213,318.19,77.10754428617787,baja
882.092880298484,1507.71,625.617119701516,alta
716.5410430096751,69.48,647.0610430096751,baja
456.4726933992066,590.71,134.23730660079343,baja
382.8973442740996,298.74,84.15734427409961,baja
919.7186541456176,1271.02,351.30134585438236,alta
1567.391480826904,2411.07,843.6785191730962,alta
740.0306506480258,551.16,188.87065064802584,baja
513.1492437249356,1061.14,547.9907562750645,baja
839.0211191069395,986.53,147.50888089306045,baja
1783.17579558002,673.1,1110.07579558002,baja
773.6345155283756,608.57,165.06451552837552,baja
-6.504082617731342,128.57,135.07408261773134,baja
90.7768529165768,0.01,90.7668529165768,baja
0.8235715158363064,104.07,103.24642848416369,baja
422.9361895324979,608.97,186.03381046750212,baja
644.1421872784958,741.19,97.04781272150422,baja
1024.4656569042422,1490.09,465.6243430957577,alta
1789.5119931410077,1738.45,51.06199314100763,alta
1649.596514957977,1804.99,155.39348504202303,alta
1393.0562757741586,1185.46,207.59627577415858,alta
1160.7329386474005,1027.77,132.9629386474005,baja
436.098316737059,311.25,124.84831673705901,baja
597.1713852070477,369.4,227.77138520704773,baja
537.6749805447047,877.68,340.00501945529527,baja
470.4080910742674,1017.26,546.8519089257326,baja
-1.7152834363547529,0.03,1.745283436354753,baja
330.51379111311144,0.01,330.50379111311145,baja
322.126086411531,237.03,85.09608641153099,baja
278.87569391090483,336.29,57.41430608909519,baja
444.1034654086212,462.51,18.406534591378772,baja
506.9484445715325,875.7,368.75155542846755,baja
604.3855389282653,1563.61,959.2244610717346,alta
748.3388982293196,1596.8,848.4611017706803,alta
662.1792187896996,1588.79,926.6107812103004,alta
720.923167940123,616.44,104.48316794012294,baja
528.5436191307653,658.87,130.32638086923475,baja
371.2448258572349,385.03,13.785174142765072,baja
459.8192173466583,751.38,291.5607826533417,baja
284.1574828891238,148.39,135.7674828891238,baja
276.7577988122314,307.44,30.682201187768612,baja
245.31639114615768,229.08,16.236391146157672,baja
-22.40011395912711,0.01,22.410113959127113,baja
30.66916627347291,306.66,275.9908337265271,baja
10.64817414238155,325.05,314.40182585761846,baja
59.612864262994094,0.6,59.01286426299409,baja
205.14003829139097,15.74,189.40003829139096,baja
369.77049847412616,185.5,184.27049847412616,baja
504.9416286380061,958.24,453.29837136199393,baja
376.3394417686423,806.07,429.73055823135775,baja
266.5530530955697,339.55,72.99694690443033,baja
332.2656945443822,142.69,189.5756945443822,baja
119.18717609639656,181.11,61.92282390360346,baja
37.002341119599805,154.56,117.5576588804002,baja
10.062583679246243,105.34,95.27741632075376,baja
415.3355717987472,209.24,206.0955717987472,baja
556.3533800445543,830.52,274.16661995544564,baja
544.9775933234089,138.87,406.1075933234089,baja
600.4913608136737,1134.96,534.4686391863263,baja
195.60639850488255,433.37,237.76360149511746,baja
281.7410172373968,134.69,147.05101723739682,baja
155.62912883904698,238.72,83.09087116095301,baja
75.87912879024566,362.01,286.13087120975433,baja
-64.5955767536932,26.28,90.8755767536932,baja
-21.837717337946515,469.45,491.2877173379465,baja
153.4548032880865,190.6,37.145196711913485,baja
188.82234519826372,409.84,221.01765480173626,baja
140.83129683620166,244.15,103.31870316379835,baja
21.27463131292097,37.27,15.995368687079033,baja
-48.732419890333176,0.02,48.75241989033318,baja
143.99619685209768,106.83,37.166196852097684,baja
639.442017607891,495.23,144.21201760789097,baja
871.5427117560278,924.92,53.3772882439722,baja
1592.9660182867003,1975.73,382.7639817132997,alta
1089.8624890991143,1394.66,304.79751090088575,alta
754.1515171359231,1062.66,308.508482864077,baja
888.0374813897274,932.63,44.59251861027258,baja
1398.701296592768,1815.44,416.73870340723215,alta
1451.471248603769,1700.61,249.13875139623087,alta
1952.645558383543,2457.65,505.00444161645714,alta
1833.057414323655,1564.54,268.517414323655,alta
1137.7958841073016,1636.28,498.48411589269836,alta
1418.9695569695236,2177.63,758.6604430304765,alta
1179.6025117568154,1992.22,812.6174882431847,alta
698.4771682693683,912.03,213.55283173063162,baja
877.9567677445245,821.69,56.266767744524486,baja
1131.288912191064,877.91,253.37891219106393,baja
1019.0847514459404,732.43,286.6547514459404,baja
1265.766471770653,1109.12,156.64647177065308,baja
1544.5913269912617,803.86,740.7313269912617,baja
1464.6120657089002,1589.6,124.98793429109969,alta
845.5607157467962,188.83,656.7307157467961,baja
86.06325255816353,66.6,19.463252558163532,baja
109.52092968166257,509.12,399.59907031833745,baja
222.13252911993013,284.97,62.8374708800699,baja
698.3229466621642,1138.25,439.9270533378358,alta
694.8452524397972,433.57,261.27525243979716,baja
1172.8974400393745,1787.24,614.3425599606255,alta
1251.7926696989475,1955.96,704.1673303010525,alta
1362.7475630340846,1872.37,509.6224369659153,alta
1047.048557971079,995.51,51.538557971078944,baja
545.142106793809,126.84,418.302106793809,baja
327.0724402612407,123.03,204.04244026124067,baja
375.66517525422125,62.72,312.9451752542212,baja
192.09686592655248,46.35,145.7468659265525,baja
429.7351733237904,246.99,182.74517332379037,baja
879.5495315072018,258.17,621.3795315072018,baja
511.1231962462961,333.08,178.04319624629613,baja
321.5779413854833,247.73,73.84794138548332,baja
395.5402712540625,451.87,56.32972874593753,baja
502.0991510087087,1546.43,1044.3308489912913,alta
667.3887152871316,847.97,180.5812847128684,baja
354.8978373786585,2132.83,1777.9321626213414,alta
247.83918581215835,1001.83,753.9908141878417,baja
458.51673911047794,833.84,375.3232608895221,baja
173.3584703912427,632.92,459.56152960875727,baja
372.1037014567353,686.21,314.10629854326476,baja
471.2197516158202,633.23,162.01024838417982,baja
638.0126637988426,366.65,271.3626637988426,baja
498.6228628287004,448.8,49.82286282870041,baja
639.3855853939199,737.16,97.77441460608009,baja
595.7408149177504,1158.03,562.2891850822496,alta
622.2704995315634,1241.85,619.5795004684365,alta
698.7744438274817,956.86,258.0855561725183,baja
725.6899025241817,657.83,67.85990252418162,baja
657.4263530643361,1113.88,456.453646935664,baja
610.7013024109733,931.69,320.98869758902674,baja
675.8942570836346,1259.29,583.3957429163654,alta
805.1327926233969,974.57,169.43720737660317,baja
657.7914018378144,1133.11,475.3185981621855,baja
994.8556195865708,1136.68,141.82438041342925,alta
1085.9488866996348,477.84,608.1088866996349,baja
1145.957523192633,1934.78,788.8224768073669,alta
808.1178518042543,1555.23,747.1121481957457,alta
759.2836286600862,1226.26,466.97637133991384,alta
572.0252267511398,633.08,61.054773248860215,baja
737.8809393822544,476.44,261.4409393822544,baja
505.6447139541833,796.8,291.15528604581664,baja
51.669973875322285,517.9,466.2300261246777,baja
160.1278332050981,120.76,39.36783320509811,baja
564.6466862031668,295.93,268.71668620316683,baja
465.5537792971687,815.89,350.33622070283127,baja
241.9346139902648,602.45,360.51538600973527,baja
275.1653455568995,292.95,17.784654443100465,baja
544.7256385642029,92.24,452.4856385642029,baja
484.1413941930626,392.11,92.03139419306257,baja
351.8021446209156,189.59,162.2121446209156,baja
503.7943271934839,381.31,122.48432719348392,baja
633.879973616772,487.26,146.61997361677197,baja
862.7453057816462,1574.55,711.8046942183538,alta
901.8355112420278,1698.23,796.3944887579722,alta
-67.04788528452468,4.59,71.63788528452469,baja
22.452575636347436,207.7,185.24742436365256,baja
487.6198447822512,1003.14,515.5201552177488,baja
752.1407242666922,692.22,59.92072426669222,baja
183.0698242893897,196.23,13.160175710610304,baja
240.72371294019968,290.96,50.236287059800304,baja
205.49517121321944,444.4,238.90482878678054,baja
-3.072830986653912,0.22,3.2928309866539123,baja
145.29276440051558,6.52,138.77276440051557,baja
498.2220984585889,120.49,377.7320984585889,baja
1280.3770253878115,400.69,879.6870253878114,baja
1831.2055751940893,1088.36,742.8455751940894,baja
1219.2357872123405,581.01,638.2257872123405,baja
959.2111100008136,1026.52,67.30888999918636,baja
1060.147750072722,1648.72,588.5722499272781,alta
1766.031771470563,1375.84,390.191771470563,alta
2024.670792313339,2104.14,79.46920768666087,alta
1597.096292328016,2248.62,651.5237076719839,alta
1037.1888232209042,1369.84,332.65117677909575,alta
1055.9016515985072,1374.14,318.2383484014929,alta
1523.033221957915,2595.93,1072.8967780420849,alta
1441.4478722335898,2557.83,1116.3821277664101,alta
1117.6322737957405,1610.75,493.1177262042595,alta
698.2010352915997,890.37,192.16896470840027,baja
399.09009090839766,618.9,219.80990909160232,baja
141.062407695425,26.86,114.20240769542501,baja
196.35367412146547,0.01,196.34367412146548,baja
386.4619473142981,0.01,386.4519473142981,baja
229.27642418473533,210.3,18.976424184735322,baja
269.4043365908775,159.07,110.33433659087751,baja
192.06414120876215,0.11,191.95414120876214,baja
644.4814820891761,242.68,401.8014820891761,baja
173.3870264774688,158.56,14.827026477468792,baja
154.61328854341252,368.36,213.7467114565875,baja
293.1810851360204,117.59,175.59108513602038,baja
230.09924874821277,280.36,50.26075125178724,baja
450.0392217874081,157.76,292.2792217874081,baja
1782.1844126663216,1407.03,375.1544126663216,alta
2167.168818926375,2532.04,364.87118107362494,alta
1512.0857751349135,2306.91,794.8242248650863,alta
1496.3681963882432,2281.24,784.8718036117566,alta
1449.0611076974806,2523.27,1074.2088923025194,alta
1353.0846015558232,1982.16,629.0753984441769,alta
1328.4797742258088,2323.5,995.0202257741912,alta
1146.0079082941372,1929.92,783.9120917058628,alta
735.4572204032752,1129.84,394.38277959672473,baja
291.6018369575361,1205.9,914.298163042464,alta
434.7253964376913,156.56,278.1653964376913,baja
285.9937488890355,468.17,182.17625111096453,baja
908.8578213567438,1340.65,431.7921786432563,alta
1601.810254478401,1982.19,380.37974552159903,alta
1981.1955079132863,2244.77,263.5744920867137,alta
2027.83728305782,2466.73,438.89271694217996,alta
1963.238087119391,2451.14,487.90191288060896,alta
1483.1473505997988,2104.45,621.3026494002011,alta
2084.5600928637937,2132.97,48.40990713620613,alta
1795.652107307475,2145.36,349.7078926925251,alta
1688.954557033908,1521.13,167.82455703390792,alta
1725.8745892892098,1931.65,205.7754107107903,alta
2068.9919733091547,2410.11,341.11802669084545,alta
1764.9222782026193,2288.7,523.7777217973805,alta
1372.946176261138,1773.16,400.2138237388622,alta
1050.7536415051109,826.56,224.19364150511092,baja
1824.491931916979,1530.5,293.99193191697896,alta
843.0928548733077,1040.76,197.66714512669228,baja
1456.9430857059288,1019.94,437.0030857059287,baja
664.4693813406438,709.73,45.26061865935617,baja
1480.5130114211431,129.2,1351.313011421143,baja
211.22640960488167,23.58,187.64640960488168,baja
309.9817368686769,152.84,157.14173686867687,baja
935.0247982583074,190.39,744.6347982583075,baja
1571.0403505699542,1779.53,208.4896494300458,alta
1615.2486391289888,1946.94,331.6913608710113,alta
1059.0458816894563,888.25,170.79588168945634,baja
1204.3353849914556,593.67,610.6653849914557,baja
1318.3108145370632,1678.3,359.9891854629368,alta
779.0818429564216,841.59,62.50815704357842,baja
358.132595536766,604.66,246.52740446323395,baja
997.4689255283898,880.5,116.96892552838983,baja
674.2909942090535,375.92,298.37099420905344,baja
703.752401188933,179.54,524.2124011889331,baja
757.37369651356,350.91,406.46369651356,baja
1576.8959654516304,469.46,1107.4359654516304,baja
1595.335466716908,1730.16,134.82453328309202,alta
2525.861823828688,1807.95,717.9118238286881,alta
2119.0607069337243,2405.85,286.7892930662756,alta
2234.4944368207634,2263.97,29.47556317923636,alta
1721.9401825632283,2332.19,610.2498174367718,alta
1027.4430444713794,376.4,651.0430444713794,baja
396.91124212117006,82.03,314.8812421211701,baja
444.4879772167114,9.15,435.3379772167114,baja
103.5196594315936,0.68,102.83965943159359,baja
180.08734579630823,4.05,176.03734579630822,baja
176.2765379045046,219.48,43.20346209549538,baja
401.62050249789,113.55,288.07050249789,baja
307.8982027066297,25.85,282.0482027066297,baja
340.7182811497262,103.58,237.1382811497262,baja
3.527697486304419,160.19,156.66230251369558,baja
198.94896302229157,123.6,75.34896302229157,baja
268.72331083348934,189.24,79.48331083348933,baja
190.78664869964385,156.05,34.73664869964384,baja
457.8750187162677,383.63,74.24501871626768,baja
614.0111415752685,366.53,247.48114157526857,baja
231.8122071184449,193.76,38.0522071184449,baja
113.61267666300932,0.02,113.59267666300933,baja
16.414857985088474,52.2,35.78514201491153,baja
8.559268271460155,0.43,8.129268271460155,baja
48.28391066626728,0.11,48.17391066626728,baja
385.3488484355902,117.92,267.42884843559017,baja
249.04226219460045,312.17,63.12773780539956,baja
442.1926022761854,350.73,91.46260227618541,baja
513.1107186006591,856.65,343.5392813993409,baja
696.2399804554243,758.78,62.54001954457567,baja
488.65529418805113,316.21,172.44529418805115,baja
581.6607203862516,379.02,202.6407203862516,baja
603.1485283165696,0.11,603.0385283165696,baja
218.80428188798885,901.58,682.7757181120112,baja
-160.4812791221441,41.5,201.9812791221441,baja
97.41154451980948,129.69,32.278455480190516,baja
87.50685092788183,250.77,163.26314907211818,baja
920.0519927237772,785.3,134.75199272377722,baja
30.933487375995128,58.93,27.996512624004872,baja
41.337942107637446,142.35,101.01205789236255,baja
61.77365097528059,9.07,52.70365097528059,baja
354.8799446409033,1.29,353.5899446409033,baja
430.7282396008575,231.32,199.40823960085748,baja
548.343489976867,601.69,53.34651002313308,baja
761.348706100001,695.37,65.97870610000098,baja
856.6717652462123,890.45,33.77823475378773,baja
1709.7361275808864,2194.9,485.16387241911366,alta
1836.2491435926104,2164.62,328.3708564073895,alta
1707.6416363683766,2230.43,522.7883636316233,alta
1530.616369695788,1436.95,93.66636969578803,alta
1084.2590504108512,549.71,534.5490504108511,baja
1277.054879144985,906.64,370.4148791449851,baja
1164.4666765948248,2361.33,1196.8633234051752,alta
885.6713220103115,306.06,579.6113220103116,baja
708.4708259871559,1328.03,619.5591740128441,alta
901.346535833802,2080.67,1179.323464166198,alta
616.2404618193082,270.45,345.7904618193082,baja
678.6604189773091,220.88,457.78041897730907,baja
478.64530090247536,315.64,163.00530090247537,baja
329.41609842003504,195.78,133.63609842003504,baja
1206.3120087237476,1487.26,280.9479912762524,alta
1666.3871799219835,1900.04,233.65282007801648,alta
2222.9791841087053,2160.92,62.05918410870527,alta
2325.2392352120123,2305.53,19.709235212012118,alta
2297.998758629536,1335.16,962.838758629536,alta
1673.7127645676694,1593.4,80.31276456766932,alta
1510.5506769589738,1205.29,305.2606769589738,alta
836.5789388504754,1114.02,277.44106114952456,baja
912.169675600508,932.15,19.98032439949202,baja
1158.5587635943575,822.77,335.78876359435753,baja
952.6233690839427,1116.28,163.65663091605722,baja
336.96998096502466,943.49,606.5200190349753,baja
263.8377293025926,29.79,234.04772930259261,baja
307.4664448520765,1.28,306.18644485207653,baja
75.14287066521206,23.25,51.89287066521206,baja
141.206615757613,199.74,58.533384242387,baja
521.6379798637406,230.12,291.5179798637406,baja
807.298964086216,1272.47,465.17103591378407,alta
907.987635652977,768.43,139.55763565297707,baja
1230.8494158726571,954.25,276.5994158726571,baja
1496.1545660462314,1535.48,39.32543395376865,alta
1662.2332457469213,1847.47,185.23675425307874,alta
1630.941288732006,2201.15,570.2087112679942,alta
1392.7102858225535,1778.97,386.25971417744654,alta
1514.4162343385956,1625.12,110.7037656614043,alta
752.9246144439662,616.82,136.10461444396617,baja
279.3040465274537,810.58,531.2759534725463,baja
131.35008004474753,23.95,107.40008004474753,baja
310.6757090029214,408.6,97.92429099707863,baja
141.21441290026974,2.54,138.67441290026974,baja
-87.4324739768017,0.46,87.8924739768017,baja
195.04016478530517,101.81,93.23016478530516,baja
545.454439346038,232.26,313.19443934603805,baja
891.1540484370632,934.33,43.1759515629368,baja
1629.7893283141766,1659.09,29.300671685823318,alta
1618.5041206702767,1586.17,32.33412067027666,alta
1387.868165410884,1387.92,0.05183458911596972,alta
1415.093735579761,891.9,523.193735579761,baja
231.6015817415348,67.65,163.9515817415348,baja
313.6308436692834,757.29,443.65915633071654,baja
563.5335723617371,413.96,149.57357236173715,baja
787.915715849185,485.97,301.9457158491849,baja
704.7847692433397,493.86,210.9247692433397,baja
1201.178480632096,727.3,473.87848063209594,baja
1369.821677817612,1648.85,279.0283221823879,alta
1630.7950086585606,1601.6,29.19500865856071,alta
1580.467491815033,1644.63,64.16250818496701,alta
1130.068728068342,838.59,291.47872806834187,baja
512.3796629479059,303.09,209.28966294790592,baja
332.808309773518,471.26,138.45169022648201,baja
225.0790544998617,83.4,141.6790544998617,baja
138.59624885399353,90.34,48.256248853993526,baja
348.9819169434113,294.36,54.62191694341129,baja
545.5973304261906,954.55,408.9526695738093,baja
922.3125538034936,1200.81,278.4974461965063,alta
1176.3848216315275,960.91,215.47482163152756,baja
1209.339913273251,1321.52,112.18008672674887,alta
673.8539293662047,341.18,332.67392936620473,baja
570.2801005228263,824.83,254.54989947717377,baja
505.6091241199399,347.71,157.89912411993993,baja
345.0967751460271,367.53,22.433224853972888,baja
649.7251096774334,1097.9,448.17489032256674,baja
982.7027521763472,1274.09,291.38724782365273,alta
1499.225823553245,526.47,972.7558235532449,baja
1511.3719640771712,639.75,871.6219640771712,baja
1158.436440817544,473.24,685.196440817544,baja
997.2673714974368,255.01,742.2573714974368,baja
695.5843132124483,592.55,103.0343132124483,baja
636.1830912195545,278.13,358.0530912195545,baja
943.7025876358188,936.99,6.71258763581875,baja
1101.4567791835725,1037.0,64.45677918357251,baja
767.6135465301879,440.18,327.4335465301879,baja
905.6536977616212,718.37,187.28369776162117,baja
613.6904171434821,238.26,375.43041714348215,baja
567.7062023706418,1189.19,621.4837976293583,alta
630.789153848204,836.61,205.820846151796,baja
415.111368689836,211.78,203.331368689836,baja
365.5300404518241,944.52,578.9899595481759,baja
321.954156600684,224.06,97.89415660068397,baja
44.09980021617946,0.37,43.72980021617946,baja
-47.243554686210246,70.14,117.38355468621025,baja
